web-scraper-order,web-scraper-start-url,noticia,noticia-href,texto
"1680116302-1","https://as.com/futbol/mundial/","Atropellados por Messi","https://as.com/futbol/mundial/atropellados-por-messi-n/","Este contenido tiene un vídeo que no está disponible en tu zona geográfica
           
        

    
    







El Mundial de Qatar fue el de Messi. Por unanimidad, la figura del argentino queda para siempre grabada en la historia del fútbol. El reconocimiento global de su trayectoria, coronada brillantemente ante Francia en la final, le sitúa como el mejor de siempre por títulos. No hay gran torneo de clubes o de selección que se le haya resistido. Pese a que tuvo varios años difíciles que coincidieron con los batacazos del Barça en Champions y su llegada al PSG, en el último año ha sido capaz de enderezar el rumbo con un triplete al alcance de muy pocos en Argentina: Copa América, Finalissima y Mundial.La final ante Francia, en realidad todo el torneo, denotaron que era el jugador más concienciado en poder llevarse el título. Al igual que en las rondas anteriores de eliminatorias, fue el faro de una Argentina que se encomendó a él para salir con vida del embite ante otro coloso, Kylian Mbappé. Al mismo tiempo que se coronaba campeón, dejó varios registros que van a ser difíciles de superar para nadie.10L. MessiPSGdelanteroArgentinaNoticiasEstadísticasDurante el Mundial, se convirtió en el jugador con más apariciones en la historia del torneo con 26 superando a toda una leyenda como el alemán Lottar Matthaus. Además, con su doblete en la final igualó a Just Fontaine con 13 goles en los Mundiales sólo por detrás de Miroslav Klose (16), Ronaldo (15) y Gerd Müller (14).Su cifra goleadora en esta edición, siete, supuso la mayor cantidad de un jugador argentino en un Mundial desde Guillermo Stábile (8) en el torneo inaugural, el que se jugó en Uruguay en 1930. Es más, sus goles ante los franceses le colocaron como segundo goleador de mayor edad en una final con 35 años y 177 días -sólo por detrás del sueco Nils Liedholm (35 años y 264). días) en 1958- y el primero en lograr un doblete. Su compatriota Ángel di María, que también marcó, se situó como tercero más veterano con 34 años y 307 días.Otro dato apabullante es que Messi apareció siempre, de principio a fin, en el torneo. De hecho, se erigió en el primer jugador en marcar en la fase de grupos, los octavos, los cuartos, las semifinales y la final en una sola misma edición del Mundial. Ganó el premio al mejor jugador del partido en cinco de los siete disputados.CarácterMessi fue más que datos. Messi fue personalidad. En una época en la que el fútbol físico se va imponiendo, él fue fiel a sí mismo y dotó a Argentina del estilo que más le convenía. Ralentizó cuando hizo falta, aceleró cuando era conveniente. En los momentos difíciles apareció. La responsabilidad de los penaltis, de los goles decisivos, no le pesó. Fue el líder de Argentina desde sus discursos hasta su lenguaje corporal. Transmitió seguridad y carácter ganador, especialmente cuando llegaron los peores instantes.A Messi esta alegría le llega en el momento idóneo. Antes de la final dijo que sería su último partido mundialista y cerró el ciclo de la mejor manera, con el título. No había otra bala en la recámara después de cuatro decepciones anteriores. Messi no se va de la selección, pero 2026 está muy lejos como para seguir en este nivel. No así 2024, fecha prevista para la Copa América.ArgentinaArgentinaNoticiasEstadísticasCon el título y el MVP del Mundial se acerca también a la posibilidad de conquistar su octavo Balón de Oro. Sólo Mbappé parecía en disposición de arrebatárselo, pero al militar en el mismo equipo van a calcar sus títulos a partir de ahora en el PSG con la sutil diferencia de que Messi es campeón del mundo y Mbappé no alcanzó el título. No parece que ningún otro esté en disposición de hacerles sombra, sobre todo porque han quedado lejos de ellos en lo relativo al Mundial.Messi se preparó para Qatar mejor que nadie, cuidó sus esforzó, midió sus desgastes. Pudo organizar su temporada en función del Mundial. No se empleó con más intensidad de la necesaria ni con menos de la requerida. Volvió a sentir buenas vibraciones en París, algo que parecía ya olvidado. Decidió partidos de liga francesa, de Champions. Maravilló en los amistosos de pretemporada. Consiguió unos números con la selección (17 goles en 11 partidos) que recuerdan a los del anterior Messi. O a este que es otro jugador pero mantiene su idilio con el gol. Una mezcla perfecta. Una combinación con la que ganar un Mundial maravillando a todos.QATAR 2022 | ARGENTINA 3 - FRANCIA 3Lo tiene clarísimo: el primer mensaje de Roncero a Messi tras proclamarse campeón del mundoQATAR SIN REDLionel Andrés Messi es trending topic eternoEtiquetado en:FútbolMundial fútbolMundial 2022Selección argentina fútbolSelección francesa fútbolLionel Messi"
"1680116305-2","https://as.com/futbol/mundial/","El mejor once del Mundial según la Inteligencia Artificial","https://as.com/futbol/mundial/mbappe-reina-en-el-once-del-mundial-segun-la-ia-n/","Este contenido tiene un vídeo que no está disponible en tu zona geográfica
           
        

    
    







Argentina se proclamó a noche campeona del Mundo, alzando su tercer cetro en el estadio de Lusail y catapultando a Lionel Messi a la historia del fútbol. Sin embargo, la Inteligencia Artificial mide la calidad y la cantidad de las acciones realizadas por cada jugador. Es decir, una acción se valorará positivamente cuando aumenta la probabilidad de que su equipo marque gol o se reduce la probabilidad de concederlo. Y negativamente cuando penalicen al equipo disminuyendo la probabilidad de marcar gol y aumentando la probabilidad de que te marquen. Además, la IA no tiene en cuenta las tandas de penalti para valorar, en este caso, a los porteros.AmpliarEl XI del Mundial de Qatar según la Inteligencia Artificial.Un XI en el que reina Mbappé. La estrella del PSG se alza con el MVP con una valoración de 5,58, la más alta. Su final fue estratosférica, al igual que su Mundial que se resume en 8 dianas y 2 pases de gol. Además de marcharse de Qatar con la Bota de Oro, sus dos goles le sirvieron para darle dos victorias al conjunto galo ante Dinamarca, en la segunda jornada d la fase de grupos y ante Polonia, para avanzar a octavos de final.Tchouaméni y Theo completan el cupo de franceses presentes en el XI. Ambos son debutantes en una cita mundialista. Tchouaméni ha sido el sostén del equipo de Deschamps desde el primer minuto y se va de Qatar con un gol, el que abrió el marcador en cuartos de final frente a Inglaterra. Theo entró en el equipo a raíz de la lesión de su hermano durante el partido inaugural ante Australia, su final no fue su mejor partido, pero su camino a lo largo de Qatar le sirve para ser el mejor lateral izquierdo del torneo.

La campeona, Argentina, mete a Messi y a Julián Álvarez. El ‘10′ registra la segunda mejor valoración del XI con un 4,9. Sus 7 goles y 3 asistencias sirvieron para obtener la victoria ante México y dar un respiro a la albiceleste de cara a superar la fase de grupos, al igual que contra Holanda y Croacia, en cuartos y semifinales respectivamente. Julián Álvarez no partía como titular para Scaloni, pero su buen hacer en los dos primeros encuentros le sirvieron para ganarse un puesto y desde entonces fue clave para la delantera argentina. Se marcha de Qatar con 4 goles, dos de ellos ante Croacia valieron un pase a la final.Croacia, tercera clasificada, mete hasta tres futbolistas en el XI. Gvardiol y Lovren se alzan como la mejor pareja de centrales del torneo. En particular Josko, que a sus 20 años, ha deslumbrado al mundo con un gran rendimiento. De hecho sus acciones le colocan como el mejor zaguero de Qatar y el quinto futbolista con mayor valoración, además de marcar un golazo de cabeza en el partido por el 3º y 4º puesto. El tercer croata es Kovacic, que junto a Modric y Brozovic formaron uno de los mejores tridentes de mediocentros , siendo fundamentales en el juego de la selección ajedrezada.La zaga la completa Achraf Hakimi, su rendimiento en el lateral derecho ayudó a Marruecos a hacer historia, se convirtieron en la primera selección africana en superar unos cuartos de final de un Mundial. Noppert, el guardameta de Holanda, quizás ha sido la gran sorpresa del torneo. Otra juga que hay que apuntarle a Van Gaal, la portería de Holanda era toda una incógnita a días del pistoletazo de salida, pero el veterano técnico le dio la confianza al portero del Heerenveen. Sus más de dos metros de altura y su buen estado de forma le sitúan como mejor portero, por delante de Livakovic o el Dibu Martínez, recordar que la IA no tiene en cuenta la tanda de penaltis.B. SakaArsenalcentrocampistaReino UnidoNoticiasEstadísticasBukayo Saka completa el XI del Mundial y es el único representante inglés. Su debut ante Irán, con dos goles y las actuaciones ante Senegal o Francia, pese a perder, le sirve para ser el 4º mejor jugador. Ganándole el puesto a Rashford, Grealish o Sterling. Un rendimiento, que en cierta medida sirve para sacarse la espina de la Eurocopa.QATAR 2022Los 12 récords de Leo Messi en el Mundial de Qatar 2022Etiquetado en:Mundial 2022Mundial fútbolKylian MbappéLionel MessiSelección argentinaSelección francesaOlocip"
"1680116308-3","https://as.com/futbol/mundial/","Futuro galáctico para Messi","https://as.com/futbol/mundial/futuro-galactico-para-messi-n/","Este contenido tiene un vídeo que no está disponible en tu zona geográfica
           
        

    
    







“Quedamos con Messi en hablar después del Mundial”. La frase de Nasser Al Khelaïfi en los micrófonos de RMC después de la final entre Argentina y Francia cobra todo el sentido del mundo ahora que Messi es campeón del mundo y está a solo 11 días de poder negociar libremente con cualquier otro club. El argentino concluye su contrato el 30 de junio en París y aún no se sabe si continuará o no. Pero hay una cosa clara: el Mundial ha reforzado al crack argentino.L. MessiPSGdelanteroArgentinaNoticiasEstadísticasLo que sí tenía claro es que no iba a tomar una decisión hasta que supiera lo que el Mundial le deparaba. Y lo que le ha deparado es que ya tiene en sus manos el título más preciado, aquello que le faltaba por conquistar. Esto cambia diametralmente su pensamiento. Ya no está ante la presión de seguir demostrando su grandeza, ya es un jugador legendario esté donde esté, juegue donde juegue.Y tras esta coronación, será él el que decida qué hacer. Su actuación en Qatar le deja en una posición privilegiada. El mejor Messi ha vuelto. Cualquier equipo querrá tenerlo en sus filas. Ofertas no le faltarán. Y como galáctico, todavía.Decisión en su manoSegún sus últimas sensaciones, también pretendía esperar un poco al nivel que pueda dar en las rondas decisivas de la Champions con el PSG para valorar si continúa o no. Lo que está viendo es que, a sus 35 años, las piernas aún le dan para decidir grandes campeonatos y partidos, algo que quizá entierre por ahora el sueño de Inter Miami de llevarlo a la MLS a disfrutar de un retiro dorado.Messi sabe que irse de la máxima élite supondría, por ejemplo, alejarse definitivamente de los Balones de Oro. Aunque el octavo está muy cerca tras lo logrado en Qatar, permanecer en un equipo ganador de títulos y con la Champions como gran desafío como es el PSG le daría opciones de lograr, por qué no, alguno más. En París quieren que siga y ya hay un borrador firmado para una posible renovación. Al Khelaïfi salió triunfador en una situación parecida con Mbappé, al que logró renovar cuando parecía complicado.Messi es otro caso. Aunque la ambición perdura, ya no se puede hacer mucho más en la historia de lo que él ha hecho. En función de lo que le pida el cuerpo decidirá. No tiene prisa. Descansará todo lo que sea necesario después de un final de año trepidante y volverá a París con ganas de seguir jugando al fútbol. Si es hasta final de temporada o por más cursos sólo lo decidirá él. En su mano está.Sigue en la selecciónMessi no jugará el Mundial de 2026, según él mismo, aunque la corriente de la opinión pública ya está haciendo que se lo replantee. El propio Lionel Scaloni dijo en rueda de prensa tras la final que “si quiere, la número 10 queda reservada para él en el próximo Mundial”. Mucha gente en Argentina está pidiendo eso mismo, que juegue en EE UU, México y Canadá en 2026 porque de esta manera se convertiría en el único jugador en la historia en participar en seis Mundiales.De momento, Messi sigue con la selección. No se retira. “Quiero jugar con esta camiseta siendo campeón del mundo”, dijo tras conquistar el Mundial. Los siguientes retos están a la vuelta de la esquina. El principal es la Copa América que se juega en 2024. Queda año y medio para ello. No es demasiado. Viendo su nivel, es posible que pueda llegar a dicha fecha como capitán y leyenda de la Albiceleste.Etiquetado en:FútbolMundial fútbolMundial 2022Lionel MessiSelección argentina fútbolParís Saint Germain"
"1680116311-4","https://as.com/futbol/mundial/","El Mundial de los madridistas","https://as.com/futbol/mundial/el-mundial-de-los-madridistas-n/","F. Fife (AFP) / J. Guez (AFP) /B. Tessier (Reuters)Tchouameni (Francia)Amargo final (falló el penalti que tiró en la tanda) para un sobresaliente Mundial. Aurélien se quedó con la miel en los labios de conquistar el título. Fue una pieza fundamental en el esquema de Deschamps, ya fuese como único pivote o acompañado de Rabiot. Tchouameni cuajó excelentes partidos en ambas situaciones y especialmente destacado fue su partido de semifinales contra Marruecos, aunque en el que marcó fue en los cuartos contra Inglaterra (el 0-1 del partido). Es el único jugador de Francia que ha sido titular en los siete partidos de Les Bleus.Partidos jugados: 7. | Partidos titular: 7. | Minutos: 623. | Goles: 1.AmpliarArgentina's forward #10 Lionel Messi (L) fights for the ball with France's midfielder #08 Aurelien Tchouameni (R) during the Qatar 2022 World Cup final football match between Argentina and France at Lusail Stadium in Lusail, north of Doha on December 18, 2022. (Photo by Adrian DENNIS / AFP)ADRIAN DENNISAFPCamavinga (Francia)El benjamín de la subcampeona del mundo (era su primer gran torneo de selecciones) intervino en dos partidos en una posición novedosa para él. Con la clasificación para octavos en el bolsillo, Deschamps lo colocó de titular contra Australia en el lateral izquierdo, posición en la que dejó buenas sensaciones. Sólo jugó ese partido… y los últimos minutos de la final, de nuevo como lateral izquierdo. Con él entró en el campo el espíritu de las remontadas que protagonizó con el Madrid en la pasada Champions. Saltó al campo en el 71′ y comenzó la remontada incompleta de Francia.PJ: 2. | PT: 1. | Min.: 139.AmpliarArgentina's forward #10 Lionel Messi (R) fights for the ball with France's midfielder #25 Eduardo Camavinga (L) during the Qatar 2022 World Cup final football match between Argentina and France at Lusail Stadium in Lusail, north of Doha on December 18, 2022. (Photo by Anne-Christine POUJOULAT / AFP)ANNE-CHRISTINE POUJOULATAFPBenzema (Francia)Abandonó la concentración de Francia en la víspera del partido inaugural por una lesión en el cuádriceps del muslo izquierdo. La federación francesa no dio de baja su ficha, por lo que el segundo puesto mundialista figurará en su palmarés.Modric (Croacia)El dulce bronce de Luka. Preguntar su edad en un concurso sería una pregunta trampa. Pocos dirían, tras ver su Mundial, que tiene 37 años. Y su carrera internacional continuará al menos hasta junio para intentar ganar la Nations League. Modric sólo se perdió 34 minutos de los siete partidos con su selección. Fue Balón de Bronce (elegido tercer mejor jugador del Mundial) y designado Jugador del Partido en los encuentros contra Marruecos y Bélgica. Fue el madridista que más minutos (656) sumó en Qatar y el segundo que más acumula (2.122′, por detrás de los 2.167 de Vinicius) esta temporada con el Madrid y su selección. Ha sido el segundo jugador que más pases ha completado en campo contrario (284) por detrás de los 322 de Rodri y también el segundo que más centros ha puesto (33), por detrás de Griezmann (40).PJ: 7. | PT: 7. | Min.: 656.AmpliarCroatia's midfielder #10 Luka Modric celebrates with his medal after winning the Qatar 2022 World Cup third place play-off football match between Croatia and Morocco at Khalifa International Stadium in Doha on December 17, 2022. (Photo by JACK GUEZ / AFP)JACK GUEZAFPVinicius (Brasil)La Canarinha se fue de Qatar sin Vinicius sobre el campo. Tite le sustituyó a los 64 minutos del partido de cuartos contra Croacia cuando tenía a toda Brasil encandilada con su Mundial. Fue titular en los cuatro encuentros que jugó (descansó en el tercer partido de la Verdeamarela, contra Camerún) pero sólo disputó completo el de Suiza. Marcó y asistió en la goleada (4-1) a Corea en octavos y también dio una asistencia a Richarlison con el exterior, al más puro estilo Modric, en el estreno frente a Serbia. Buen balance de su primer Mundial.PJ: 4. | PT: 4. | Min.: 302. | Goles: 1 | Asistencias: 2.AmpliarVinicius disputa un balón a Modric en el partido de cuartos de final.INA FASSBENDERAFPMilitao (Brasil)Empezó en el banquillo, pero después Tite aprovechó su polivalencia en defensa. Sólo jugó en su posición habitual de central contra Camerún y lo hizo como lateral derecho frente a Suiza, Corea y Croacia.PJ: 4. | PT: 4. | Min.: 348.AmpliarMilitao se lleva el balón en una pugna con Kovacic.ANNE-CHRISTINE POUJOULATAFPRodrygo (Brasil)Un Mundial de altos y bajos en una línea de ataque con muchísima competencia en la Verdeamarela. Participó en los cinco partidos de Brasil, pero sólo fue titular en uno de ellos, contra Camerún. Jugó en el centro del campo contra Suiza, de mediapunta contra Serbia, Camerún y Corea; y por la izquierda, haciendo de Vinicius, contra Croacia. Dio a Casemiro la asistencia del gol de la trabajada victoria contra Suiza en la segunda jornada y falló uno de los penaltis de la tanda en la que Brasil cayó eliminada.PJ: 5. | PT: 1. | Min.: 179. | Goles: - | Asist.: 1.AmpliarRodrygo conduce el balón en el partido contra Camerún.JEWEL SAMADAFPCarvajal (España)Un partido y medio. Inédito contra Costa Rica y en el adiós de La Roja ante Marruecos, disputó completo el encuentro frente a Alemania y la segunda parte del naufragio contra Japón.PJ: 2. | PT: 1. | Min.: 135.Ampliar30/11/22 PARTIDO FASE DE GRUPOS DOHA MUNDIAL QATAR 2022 
JAPON - ESPAÑA 
JUNYA ITO DANI CARVAJAL JESUS ALVAREZ ORIHUELADiarioASAsensio (España)Luis Enrique le ha dado la confianza que no tiene en el Madrid. En lo que va de temporada ha jugado 384 minutos con la Selección (el 58,2% de los posibles) y 426′ con la camiseta blanca (el 22,5%). Su Mundial, en el que empezó de ‘9′ titular de España, fue de más a menos. Marcó el segundo gol de la esperanzadora goleada (7-0) a Costa Rica, pero en los otros tres partidos (162 minutos acumulados en esos encuentros) sólo efectuó un disparo entre los tres palos.PJ: 4. | PT: 4. | Min.: 231. | Goles: 1.AmpliarAsensio intenta cortar un pase de Selim Amallah en el partido de octavos contra Marruecos.JAVIER SORIANOAFPValverde (Uruguay)Intentó salir al rescate de La Celeste con ese disparo desde larga distancia que tantos réditos le está dando al Madrid esta temporada, pero sin éxito. El Mundial pudo haber sido muy diferente para Uruguay si el misil que estrelló en el palo en el encuentro contra Corea del Sur (Valverde fue elegido Jugador del partido) hubiese encontrado puerta. Jugó los tres partidos completos.PJ: 3. | PT: 3. | Min.: 270.AmpliarValverde, en el partido contra Corea del Sur.ANNE-CHRISTINE POUJOULATAFPRüdiger (Alemania)Como Valverde, el defensa alemán también jugó completos los tres partidos. Se dejó ver mucho en ataque, donde fue pieza clave en las jugadas a balón parado e incluso marcó a España un gol que fue anulado por fuera de juego. Rüdiger tuvo dos parejas en el centro de la zaga: formó con Schlotterbeck en la derrota contra Japón y Flick optó por Süle frente a España y Costa Rica.PJ: 3. | PT: 3. | Min.: 270.AmpliarRüdiger cabecea el balón en el gol que le anularon contra España.ALBERT GEAREUTERSCourtois (Bélgica)Tuvo dos grandes actuaciones en las que no encajó ni contra Canadá (paró un penalti a Davies) ni frente a Croacia (cuatro paradas de mérito) y estuvo desafortunado contra Marruecos, cuando recibió dos goles. Pero de poco sirven las porterías a cero de Courtois si los De Bruyne, Batshuayi, Carrasco, Mertens, Hazard y compañía únicamente son capaces de hacerle un gol a Canadá (de Batshuayi). Al menos, el Mundial servirá para recordar un hito en su carrera: en el último partido, contra Croacia, alcanzó las 100 internacionalidades como los red devils.PJ: 3. | PT: 3. | Min.: 270. | Goles encajados: 2.AmpliarCourtois detiene el penalti a Davies en el minuto 10 del Bélgica-Canadá.PATRICK T. FALLONAFPHazard (Bélgica)Ni su selección (esta temporada ha disputado más minutos con Bélgica que con el Madrid) disfruta ya del juego de Hazard. De jugar una hora (62′ contra Canadá y y 61′ frente a Marruecos) a ser suplente (salió en los últimos tres minutos) en el encuentro decisivo frente a Croacia. Ha dicho adiós a la selección.PJ: 3. | PT: 3. | Min.: 125.AmpliarEden Hazard, con el brazalete de capitán de Bélgica al finalizar el encuentro contra Croacia, su último partido como internacional con los 'red devils'.Simon Stacpoole/OffsideGettyQATAR 2022¿Quién es el mejor de la historia?QATAR 2022El mejor once del Mundial según la Inteligencia ArtificialEtiquetado en:Real MadridFútbolMundial fútbolMundial 2022Aurélien TchouameniCamavingaLuka ModricVinícius JúniorRodrygo GoesÉder MilitaoDani CarvajalMarco AsensioFederico ValverdeAntonio RüdigerThibaut CourtoisHazard"
"1680116314-5","https://as.com/futbol/mundial/","El Atlético presume de Mundial","https://as.com/futbol/primera/el-atletico-presume-de-mundial-n/","Noushad ThekkayilEFEEl Atlético tiene la cabeza plenamente enfocada en la visita al Arenteiro, pero también está aún muy presente el Mundial, con esa espectacular final en la que hubo cuatro jugadores rojiblancos —más que de ningún otro equipo—, tres de ellos como campeones. El club presume de su aportación, aunque entre los doce futbolistas que presentó en Qatar ha habido luces y sombras, estrellas y decepciones.De Paul (Argentina)Partidos jugados: 7 | Titular: 7 | Minutos: 602Uno de los más fieles socios de Messi dentro y fuera del campo. Titular en todos los partidos, su rendimiento fue claramente de menos a más. En la primera fase recibió críticas muy ácidas, pero en el tramo final estuvo notable. Tercer jugador con más pases del Mundial tras Rodri y Otamendi, mejor argentino en recuperaciones, en esprints, en presiones...Nahuel (Argentina)P.J.: 7 | P.T.: 6 | Min.: 568 | Goles: 1 | Asistencias: 1Se afianzó como el lateral derecho de Scaloni, titular en seis partidos de siete. Marcó un gol de delantero a Países Bajos y sirvió una asistencia contra Polonia. Notable en ataque y serio en defensa ante retos como Mbappé. Tras un inicio discreto con el Atlético, sale revalorizado de Qatar.Correa (Argentina)P.J.: 1 | P.T.: 0 | Min.: 4Entró a última hora en la lista y solo tuvo cuatro minutos ante Croacia. No obstante, es talismán con la Albiceleste y ya tiene Sudamericano Sub-20, Copa América, Finalissima y Mundial.Griezmann (Francia)P.J.: 7 | P.T.: 6 | Min.: 537 | Asist: 3Uno de los cracks del Mundial, aunque en la final mostró una versión gris. Aun así se va de Qatar como el jugador del Mundial que más ocasiones ha generado (22), el que más asistencias de gol ha dado (tres) y el atacante con más recuperaciones (34).AmpliarADRIAN DENNISGettyGrbic (Croacia)P.J.: 0Se va con la medalla de bronce, aunque sin minutos con Croacia. Livakovic se lo puso imposible.João Félix (Portugal)P.J.: 4 | P.T.: 4 | Min.: 333 | Goles: 1 | Asist: 2El portugués ha ofrecido un buen nivel en Qatar y se asiente como protagonista del futuro en Portugal. Titular para Santos, fue decisivo ante Ghana (jornada 1) y también brilló en octavos, con dos asistencias. En cuartos fue quien más lo intentó ante Marruecos, sin éxito. Ahora le toca pensar en el futuro.Koke (España)P.J.: 2 | P.T.: 0 | Min.: 52Jugó solo 52 minutos: 27 contra Costa Rica y 25 contra Alemania. Ante Japón y Marruecos, derrota y eliminación de España, no jugó. Si De la Fuente cuenta con él, será uno de los capitanes del nuevo ciclo de la Selección, pero la competencia es altísima.Morata (España)P.J.: 4 | P.T.: 1 | Min.: 183 | Goles: 3 | Asist: 1El ariete fue uno de los pocos de España que aprueban en este Mundial. Tres goles y una asistencia en 183 minutos, porque jugó los cuatro partidos, pero solo uno como titular. Importante para Luis Enrique, se le espera también en los planes de De la Fuente.AmpliarMorata celebra el 1-0 de España ante Japón en el estadio Khalifa.JESUS ALVAREZ ORIHUELADIARIO AS Marcos Llorente (España)P.J.: 1 | P.T.: 1 | Min.: 120En la fase de grupos no jugó ni un minuto y contra Marruecos fue titular, pero como lateral derecho. Boufal le hizo sufrir mucho.Giménez (Uruguay)P.J.: 3 | P.T.: 3 | Min.: 270Jugó los 270 minutos de la primera fase y ayudó a que Uruguay dejara la puerta a cero en dos de los tres partidos.Witsel (Bélgica)P.J.: 3 | P.T.: 3 | Min.: 270Fijo para Roberto Martínez, pero no brilló y es uno de los nombres más criticados en Bélgica. Es duda para el siguiente ciclo, dependerá también de la opinión del nuevo seleccionador.Carrasco (Bélgica)P.J.: 2 | P.T.: 2 | Min.: 117Gris actuación, aunque solo jugó 117 minutos. Cometió un penalti, más otro del que le libró el VAR y realizó solo un regate.QATAR 2022 | ANDRÉS ONRUBIA“Piden entre 35 y 40 millones por él”: el ‘nuevo Modric’ al que el Atleti dejó escaparATLÉTICO DE MADRIDUna ganga para el AtléticoEtiquetado en:Atlético MadridMundial 2022Rodrigo de PaulNahuel MolinaÁngel CorreaAntoine GriezmannJoao Felix"
"1680116317-6","https://as.com/futbol/mundial/","La vuelta de Messi a París se retrasa","https://as.com/futbol/la-vuelta-de-messi-a-paris-se-retrasa-n/","LEE SMITHREUTERSLeo Messi tendrá unas merecidas vacaciones cuando acabe de celebrar el título de campeón del mundo con Argentina. El rosarino realizó un Mundial extraordinario e hizo lo imposible para ganar el único título que le faltaba a su interminable palmarés. Tras un torneo agotador tanto en lo físico como en lo mental, es poco probable que vuelva a jugar con el PSG hasta dentro de prácticamente un mes.Según informó Le Parisien, el astro argentino no volverá a los entrenamientos, como mínimo, hasta comienzos de enero. Tendrá 12 días de vacaciones y podría alargar su parón para llegar en plenas condiciones a competir con el PSG. Lo que es seguro es que no jugará ni contra el Estrasburgo, el 28 de diciembre en el Parque de los Príncipes, ni contra el Lens, a pesar de la importancia del partido, el 1 de enero en el Bollaert.En el mejor de los casos, el recién MVP del Mundial debería, a priori, volver a mediados de enero para volver a los terrenos de juego con el PSG. No sin antes seguir un plan específico que definirán, en consonancia, el staff médico de la selección y el conjunto parisino. El objetivo es que Messi llegue en plenas condiciones a la eliminatoria de octavos de final contra el Bayern de Múnich. La Champions, esa competición que se le resiste desde 2015, será el próximo título que podría agrandar todavía más su leyenda.Etiquetado en:París Saint GermainLionel Messi"
"1680116320-7","https://as.com/futbol/mundial/","La Federación Francesa denuncia insultos racistas","https://as.com/futbol/mundial/la-federacion-francesa-de-futbol-presenta-una-denuncia-por-insultos-racistas-n/","FRANCK FIFEGettyLa Federación Francesa de Fútbol va a interponer una demanda contra los autores de insultos racistas en las redes sociales después de la derrota de la selección en la final del Mundial contra Argentina. Tchouaméni, Coman, Kolo Muani y Lloris fueron víctimas de una oleada de comentarios racistas que obligaron a intervenir al máximo organismo del fútbol francés.A Tchouaméni y Coman se les insultó por sus respectivos fallos en la tanda de penaltis, a Lloris por no parar ni un penalti y a Kolo Muani por haber errado la ocasión en el último minuto de la prórroga que podría haberle dado a Francia su tercera estrella. Centenares de insultos racistas inundaron las redes sociales de los internacionales franceses, lo que ha obligado a intervenir a la Federación Francesa de Fútbol.De hecho, el Bayern ya había reaccionado este lunes en las redes sociales para mostrar apoyo a Kingsley Coman, que fue uno de los que más insultos había recibido en las últimas horas por su fallo en la tanda de penaltis. En 2021, Kylian Mbappé ya había sido víctima de actos intolerables tras no haber materializado su penalti ante Suiza en los octavos de la Eurocopa, llegando a plantearse, tal y como confirmó en una entrevista con L’Équipe, dejar la selección por un período indeterminado.Etiquetado en:FútbolMundial fútbolMundial 2022Aurélien TchouameniSelección francesaKingsley Coman"
"1680116322-8","https://as.com/futbol/mundial/","El combate futbolístico del siglo","https://as.com/futbol/2022/12/20/reportajes/1671535259_464090.html","null"
"1680116325-9","https://as.com/futbol/mundial/","Revolución ‘Mundial’ en 2026","https://as.com/futbol/mundial/revolucion-mundial-en-2026-n/","ANPGettyCon la final más épica de la historia de los Mundiales, en la que la Argentina de Leo Messi volvió a tocar el cielo 36 años después, la Copa del Mundo de Qatar echó el telón. Ahora, la cuente regresiva hacia una nueva cita mundialista ha comenzado. Por el camino, aguardan 1.267 días para que la pelota vuelva a rodar en un Mundial. O lo que es lo mismo, una espera de tres años y medio. Será en 2026 en una edición histórica, pues contiene modificaciones en el torneo nunca jamás antes vistas en una Copa del Mundo.La vigésimo tercera edición de los Mundiales se celebrará entre el 9 de junio y el 18 de julio de 2026. Y por primera vez en la historia, hasta tres países albergarán la Copa del Mundo. Estados Unidos, México y Canada son los territorios elegidos. Así, esta cita mundialista será la pionera con una celebración de forma tripartita que contará con un total de hasta 16 sedes para su disputa.Pero las novedades no terminan ahí ya que, el Mundial de 2026 será la primera Copa del Mundo en la que participen 48 selecciones. Sin duda, una novedad muy importante, pues desde el Mundial de Francia de 1998, han sido 32 los equipos que han formado la fase final de una cita mundialista. El aumento de la cifra de equipos participantes ha estado en disyuntiva desde su oficialidad, ya que la incertidumbre de que una mayor cantidad de partidos reduzca la calidad de los mismos está encima de la mesa. Aún así, esta inflación de equipos abrirá el abanico a que países con menos tradición futbolística puedan disputar un Mundial.Además, el aumento en 2026 de un Mundial con sede en tres países diferentes y un mayor número de participantes no serán las únicas modificaciones. En busca de una mayor justicia, habrá tandas de penalti de desempate. En caso de equidad al final del tiempo reglamentario, se celebrarán lanzamientos desde los once metros y el ganador de la serie tendrá un punto extra con el que se logrará deshacer la igualdad de puntos en la fase de grupos.Así, el Mundial de 2026 presentará grandes alteraciones fuera del verde. Pero también sobre él. En Qatar, el inicio de una nueva era de futbolistas era notoria. En la próxima Copa del Mundo, el relevo generacional será una realidad absoluta. Los Messi, Cristiano, Modric, Benzema, Luis Suárez, Busquets o Dani Alves darán un paso al lado, dado su edad y la lejanía de la próxima cita mundialista, mientras que los Mbappé, Haaland, Pedri, Foden o Musiala lo darán al frente. Aunque, algunos como el francés, lo hayan hecho ya.QATAR 2022 | ARGENTINA 3 (4) - FRANCIA 3 (2)Análisis táctico del 2-0 de Argentina a Francia: Mac Allister, Messi, Di María... COPA DEL MUNDOHay debate: ¿fue mejor la del Dibu que estas? Las mejores paradas de la historia del fútbolEtiquetado en:FútbolMundial fútbolMundial 2022Mundial 2026"
"1680116328-10","https://as.com/futbol/mundial/","Descifrando a Scaloni y Pochettino: la virtud esencial para lanzar a Argentina hacia la gloria","https://as.com/videos/mas-futbol/descifrando-a-scaloni-y-pochettino-la-virtud-esencial-para-lanzar-a-argentina-hacia-la-gloria-en-el-mundial-v/","AStvEtiquetado en:Álvaro Benito Villar ""Álvaro""Lionel ScaloniSelección argentina fútbolMundial 2022Mauricio Pochettino TrosseroParís Saint GermainTottenham HotspurMovistar +"
"1680116330-11","https://as.com/futbol/mundial/","El secretario de FIFPRO carga contra otro Mundial en invierno","https://as.com/futbol/mundial/el-secretario-de-fifpro-carga-contra-otro-mundial-en-invierno-v/","Stats PerformEtiquetado en:FIFProMundial 2022Fútbol"
"1680116333-12","https://as.com/futbol/mundial/","La RFEF confirma la adhesión de Marruecos a la Candidatura Ibérica","https://as.com/futbol/mundial/la-rfef-confirma-la-adhesion-de-marruecos-a-la-candidatura-iberica-n/","Pedro GonzalezDiarioASLa Federación Española de Fútbol (RFEF) ha confirmado en un comunicado oficial que Marruecos se incorpora desde hoy mismo a la Candidatura Ibérica para el Mundial que integran, además, España y Portugal y, de momento, también Ucrania. Luis Rubiales y Fernando Gomes, presidentes respectivamente de la RFEF y la FPF , han alcanzado un acuerdo con Fouzi Lekjaa, presidente de la Real Federación Marroquí de Fútbol (FRMF), para conformar la candidatura al Mundial 2030 más potente posible en términos sociales, deportivos y culturales, así como en infraestructuras. Luis Rubiales y Fernando Gomes han anunciado esta decisión a los representantes de la federaciones europeas, en la reunión de UEFA organizada en el marco del Congreso de la FIFA que tendrá lugar mañana en Kigali. El anuncio ha sido recibido de manera muy positiva”, dice el comunicado federativo.La noticia, adelantada en exclusiva por AS el pasado jueves, ya fue ratificada ayer por el rey de Marruecos, Mohamed VI, y se daba por segura en la propia FIFA que, sin embargo, tendrá que adaptar sus reglas para aprobar que, por vez primera, países de distintos continentes puedan conformar una candidatura conjunta. “Se trata de una candidatura histórica, ya que por primera vez se celebraría un Mundial masculino en dos continentes diferentes de manera conjunta. La unión de los tres países vecinos contribuirá a fortalecer los lazos entre Europa y África, además de todo el Mediterráneo; e inspirará a miles de jóvenes de ambos continentes en un proyecto común que tiene su eje fundamental en el impacto que puede tener el fútbol en el desarrollo deportivo y social de la región”, precisa el comunicado de la RFEF.En cuanto a Ucrania, su participación está en el aire. En Ucrania se ha producido recientemente una injerencia gubernamental que ha concluido con la apertura de un expediente de suspensión a Andriy Pavelko, presidente de su federación. Ante esta situación, tanto la Federación Española de Fútbol como la de Portugal y la propia UEFA han decidido aplazar la inclusión de Ucrania en la candidatura hasta que se resuelva el caso. “La participación de Ucrania en el proyecto se concretará en el momento oportuno, debido a la situación que atraviesa tanto el país como el Presidente de la AUF, Andriy Pavelko, actualmente suspendido de sus funciones”, dice el comunicado de la Federación.Por otra parte, según la RFEF, la incorporación de Marruecos no afectará al número de sedes previstas en España (10-12) y Portugal (2, Lisboa y Oporto). Marruecos ofrece tres estadios en Rabat, Marrakech y Casablanca. El formato del Mundial cambiará notablemente ya en su edición de 2026. Participarán 48 equipos y se disputarán 80 partidos, 16 más que en Qatar de 2022. Eso implica la necesidad de disponer de más sedes también en 2030. La presencia de Marruecos le daría un contexto más global al evento.Etiquetado en:RFEFMundial 2030UEFAGianni Infantino"
"1680116336-13","https://as.com/futbol/mundial/","Haaland, con esperanzas de Mundial","https://as.com/futbol/mundial/haaland-con-esperanzas-de-mundial-n/","JAVAD PARSAAFPLa Copa del Mundo de fútbol que se celebrará en 2026 en Estados Unidos, México y Canadá será la primera que contará con la participación de 48 selecciones, 16 más que las que han disputado la edición recién disputada en Catar, lo que abre las opciones de mostrarse a algunos países que llevan tiempo llamando a la puerta de la gran cita.De los participantes, 16 pertenecerán al fútbol europeo, que hasta el momento contaba con 13. Sudamérica ampliará de 4 ó 5 a 6, África subirá de los 5 actuales a los 9, Asia de 4 ó 5 a 8, la CONCACAF de 3 ó 4 a 6 (tres aparte de los anfitriones en el 2026) y Oceanía tendrá uno fijo. Los dos restantes se decidirán por playoffs. Dentro de los posibles aspirantes a las nuevas plazas, estos son los principales favoritos.EuropaEl modelo de clasificación se anunciará en el mes de enero del año 2023 pero el continente, en proporción, será el menos beneficiado por esta ampliación. Pese a ello habrá menos opciones de que se produzcan ‘sustos’ como el que se ha llevado Italia en las dos últimas ediciones.A partir de ahí, todo queda muy abierto. Austria, Suecia, Ucrania o Turquía son de las que mejor rendimiento han dado de un tiempo a esta parte pero también piden paso la Noruega de Haaland y Odegaard, Hungría o Islandia. Queda además por ver qué decisión se toma con Rusia, que cuenta con un plantel potente.SudaméricaMás de la mitad de las selecciones que tomarán parte en la fase de clasificación de la CONMEBOL van a estar presentes con seguridad en el Mundial. Aun así, seguirá siendo complicado acabar entre los primeros puestos ya que la competencia y el nivel parece crecer cada vez más.De repetirse la historia más reciente, Perú iría directa evitando la repesca y Colombia le habría acompañado. Chile y Paraguay, mundialistas recientes, tendrían ahora más opciones de volver al igual que Bolivia, cuya única participación se remonta al año 1994. Además también sueña Venezuela con saldar una cuenta pendiente con su historia y acudir por primera vez.ÁfricaEl fútbol africano se encuentra ante su gran oportunidad de brillar. Rota ya por Marruecos en el Mundial de Catar la barrera psicológica de pasar de cuartos, todos esperan ahora igualar o superar esa gesta. Y las opciones serán mayores a partir del año 2026.El aumento de cuatro cupos suavizará el exigente proceso de clasificación, una afilada guillotina para equipos que no están exentos de calidad. Egipto, tres veces campeona y dos subcampeona de la Copa África desde el 2006 pero que solo ha jugado dos mundiales en su historia, es el gran ejemplo. Pero hay más. Mali, Nigeria, Costa de Marfil, Argelia, Sudáfrica, Burkina Faso... varios serán los que entren y aun así seguirán quedándose combinados potentes con la miel en los labios.AsiaEl continente asiático ya tiene diseñado su complejo camino hacia la próxima Copa del Mundo, con hasta cinco rondas a pesar de que a partir de la tercera ya se empezarán a conocer los primeros equipos clasificados. Los que han estado presentes en Qatar 2022, o al menos la mayoría de ellos, deberían repetir dentro de cuatro años.Al margen de estos, queda un resquicio para que se ‘cuele’ alguno más. Emiratos Árabes Unidos es de las que más fuerte ha pujado en la zona durante los últimos años, algo parecido a lo que sucede con Irak, campeona de la Copa Asia en el 2007. China u Omán también se muestran, aunque la próxima edición del torneo continental en el 2023 podría dejar las cosas más claras.OceaníaSerá la primera vez en la historia en la que Oceanía cuente con una plaza fija después de que siempre se haya jugado su presencia con un playoff que a veces les ha sido esquivo, circunstancia que animó a Australia a pedir pelear en la conferencia asiática.Sin su presencia como aspirante, el trayecto parece a día de hoy asfaltado para Nueva Zelanda, a priori muy superior por nivel al resto de sus rivales. Tanto es así que la selección no pierde un partido de la fase de clasificación para el Mundial en la zona desde un 0-2 contra Fiyi en noviembre del 2008. A partir de se momento, ha disputado 23 partidos y ha ganado 20, recibiendo 9 goles y marcando 62.NorteaméricaEn 2026 el proceso vendrá condicionado porque tres países que han estado en Qatar 2022 repetirán al ser anfitriones. Son los casos de Estados Unidos, México y Canadá. A partir de ahí, todo puede suceder con las tres plazas restantes, siendo Costa Rica firme candidata a una de ellas.Panamá, que ya estuvo en Rusia 2018, se quedó a solo cuatro puntos de la repesca para el último Mundial y creó una brecha notable con sus perseguidores, Jamaica y El Salvador. Honduras o Trinidad y Tobago, que ya saben lo que es participar en el torneo, tienen tiempo aún para presentar sus credenciales. Etiquetado en:Mundial 2026NoruegaHaalandMartin Odegaard"
"1680116339-14","https://as.com/futbol/mundial/","Argentina no es la mejor del mundo... ¡por los penaltis!","https://as.com/futbol/brasil-sigue-lider-ranking-fifa-y-espana-cae-al-decimo-puesto-n/","JESUS ALVAREZ ORIHUELADiarioASBrasil, a pesar de caer en cuartos de final del Mundial de Catar 2022 frente a Croacia, en la tanda de penaltis, se mantiene como líder del ranking FIFA, seguida de la campeona, Argentina, que sube hasta la segunda posición y con España, eliminada en octavos por Marruecos, cayendo tres lugares hasta la décima plaza.Un equipo africano, Marruecos, que sube once puestos respecto a la última actualización, colocándose a las puertas del top-10 (undécimo lugar) y convirtiéndose en la selección que más puntos ha sumado con 108,85.La principal caída en cuanto a posiciones la firma Canadá, con 12, quien dejó Qatar 2022 sin sumar puntos, anotando dos goles y recibiendo siete. En cuanto a puntos, Dinamarca, también tras firmar un Mundial decepcionante con solo un punto, perdió 58,46. El conjunto danés pierde su lugar en el top-10, cayendo a la 18º posición, y es Croacia la que se cuela entre los diez mejores ocupando la séptima posición.Unos diez primeros lugares que cierra España, tras caer tres puestos. La eliminación en octavos del entonces equipo dirigido por Luis Enrique le ha hecho bajar hasta la décima posición.La clasificación que sigue liderando Brasil por un estrecho margen de poco más de dos puntos. Es más, según informa la FIFA, si la albiceleste hubiera ganado a Francia en el tiempo reglamentario o en la prórroga serían los de Scaloni los que ocuparían la primera plaza.Dentro del top-10, otras dos grandes bajadas son las de Bélgica, eliminada en fase de grupos, e Italia, quien no se clasificó para Qatar 2022. Ambas pierden dos posiciones.Top-10 ranking FIFA:1. Brasil: 1.840,77 puntos2. Argentina: 1.838,38 puntos3. Francia: 1.823,39 puntos4. Bélgica: 1.781,30 puntos5. Inglaterra: 1.774,19 puntos6. Países Bajos: 1.740,92 puntos7. Croacia: 1.727,52 puntos8. Italia: 1.723,56 puntos9. Portugal: 1.702,54 puntos10. España: 1.692,71.FRANCIANeymar está de vueltaMUNDIAL 2026Haaland, con esperanzas de MundialEtiquetado en:Mundial 2022Selección española fútbolSelección brasileña fútbolSelección argentina fútbol"
"1680116342-15","https://as.com/futbol/mundial/","La psicología explica las tretas 'maquiavélicas' del 'Dibu'","https://as.com/futbol/cuando-dibu-martinez-se-convirtio-en-maquiavelo-n/","59:45 / 00:00La mente es el corazón más potente del cuerpo hurmano. Y, dentro de esa faceta vital, también ayuda a ganar partidos. Por ello, Geir Jordet decidió analizar los comportamientos del jugador de fútbol dentro de un terreno de juego. En algunos deportes, donde la estrategia es forzar el fallo rival, el elemento psicólogico es fundamental. En el caso de Dibu Martínez, portero de carácter sólido y exclusivo, el poder de la mente fue clave en la tanda de penaltis que decidió la tercera estrella para Argetina.Martínez llevó a cabo un juego mental diseccionado al detalle por este psicólogo danés. Geir Jordet definió que el portero argentino ganó la batalla mental y forzó los fallos de Kingsley Coman y Aurélien Tchouaméni. El juego de Dibu Martínez arrancó en los prolegómenos de la tanda, tratando de hacerse con el aréa penal contra Lloris. Mientras Lloris miraba cómo caía la moneda que determinaría el orden de lanzamiento, Martínez se dirigía a la portería para esperar allí a Lloris y darle la bienvenida. Como un padre esperando la llegada de la pareja de su hijo. Como si le estuviera diciendo: “Bienvenido a mi casa, Hugo”.AmpliarYa inmersos en la tanda, Martínez arranca su juego particular con el lanzador. Se muestra cordial y cálido. La respuesta mental llama a bajar la guardia del lanzador y provocando vulnerabilidad. Así lo indica Jordet. A Lloris le recibe de ese modo. De la misma forma a Mbappé. Aunque, en el caso de último, no tardó en acudir a su otro elemento del plan: las interrupciones sútiles y silenciosas. Ayudándole a conocer al árbitro. “Con Mbappé insta al árbitro a revisar la colocación del balón. El árbitro amablemente obedece y responde con un ‘pulgar hacia arriba’”.AmpliarLlega el turno de Coman y el Dibu sigue con su hoja de ruta con un pequeño giro: aumentar la presión sobre el colegiado. Obliga de nuevo a Marciniak a comprobar la posición del balón. La respuesta es obediente y es cuando Martínez ya sabe que el área es suya. Es momento de parar. Dibu detiene el penalti de Coman.Ampliar“Las investigaciones muestran que las celebraciones grandes e intensas indican confianza, dominio y superioridad, lo que afecta positivamente a los compañeros de equipo y negativamente a los oponentes. Martínez capitaliza al máximo su primer salvamento” señala el psicólogo. Martínez no se cortó a la hora de celebrar, algo extraño de ver en tandas tan intensas.

Rebosante de confianza por parar el penalti de Coman, llega el turno de Tchouaméni. Es cuando Dibu empieza a jugar de nuevo su partido particular. En el momento en el que el jugador del Real Madrid se dirige a lanzarlo, Martínez, balón en mano, se vuelve hacia la afición argentina a hacer ruido, a aumentar la presión sobre el lanzador.Una vez llega Tchouaméni a los once metros, Dibu le lanza el balón, obligando al jugador a recogerlo. Una falta de consideración por el rival cuya representación en el portero es una media sonrisa victoriosa. La respuesta del jugador francés vino en forma de fallo, aniquilado por la presión.AmpliarLUSAIL CITY, QATAR - DECEMBER 18: Leandro Paredes of Argentina celebrates with Emiliano Martinez after scoring the team's third penalty in the penalty shoot out during the FIFA World Cup Qatar 2022 Final match between Argentina and France at Lusail Stadium on December 18, 2022 in Lusail City, Qatar. (Photo by Maja Hitij - FIFA/FIFA via Getty Images)Maja Hitij - FIFAGettyCuando llegó el turno de lanzamiento de Paredes, Dibu pensó que Lloris podría usar la misma picardía que él, por eso decidió entregarle el balón en mano a su compañero. Imposibilitando así, cualquier tipo de intento de ‘juego mental’ por parte del portero francés.El cuarto lanzador de Francia fue Randal Kolo Muani. En este caso, “Martínez primero pareció comunicarse y hacer un gesto con alguien del banco de suplentes” de la Selección. Dejando constancia de que le había estudiado, produciendo así un acto de intimidación. El árbitro le sacó amarilla, pero para Martínez fue una amonestación balsámica. Ya se sentía ganador.Para Jordet esos juegos ‘eficaces y sesudos’ dieron valor a una victoria que acabo imprimiendo la tercera estrella sobre la albiceleste. Dibu fue el Dibu de siempre, pero convertido en su forma más maquiavelica. Algo que bien vale una Copa del Mundo.Etiquetado en:Emiliano MartínezSelección argentina fútbolFútbol"
"1680116345-16","https://as.com/futbol/mundial/","Historia de un desprecio: así fue la salida de Benzema de Qatar","https://as.com/futbol/mundial/el-desprecio-de-deschamps-a-benzema-n/","El 19 de noviembre saltó la noticia en Doha cuando trascendió que Karim Benzema abandonaba la concentración de Francia en Qatar al sufrir en el entrenamiento “una lesión en el cuádriceps de la pierna izquierda”. Cuando Karim notó la molestia se dirigió a la clínica Aspetar de Doha, acompañado del médico de la selección francesa, Frank Le Gal. Se publicó ese diagnóstico y Benzema se lo comunicó también a los servicios médicos del Real Madrid. Lo llamativo es que el propio jugador, que conoce su cuerpo como nadie, sabía que el percance no era grave y que en un máximo de 10 días estaría disponible para competir. De hecho, su idea inicial era quedarse en la concentración con Les Bleus para forzar su entrada en el equipo como máximo para el cruce de octavos de final. Solo se perdería la primera fase de clasificación, en la que Francia se midió a Australia, Dinamarca y Túnez. Benzema estaba seguro de que para el cruce de octavos, en este caso ante Polonia el 4 de diciembre, ya hubiese estado totalmente recuperado de su pequeña lesión muscular. Pero su sorpresa llegó cuando estaba en su habitación del hotel Al Messila donde se alojó el equipo de Deschamps en Doha. Llamaron a su puerta y apareció el seleccionador francés junto al doctor Frank Le Gal.El galeno llevó la voz cantante con una frialdad que dejó perplejo a Benzema: “Lo siento Karim, pero te tienes que ir”. Deschamps guardó un silencio muy llamativo, con una falta de sensibilidad que permitió al Balón de Oro abrir los ojos sobre lo que estaba pasando. Literalmente, Deschamps se lo estaba ‘limpiando’ de la convocatoria y así tenía la excusa perfecta para alinear de inicio a Giroud, jugador sobre el que Deschamps siempre tuvo preferencias antes que con la estrella del Real Madrid. Lógicamente, Karim mostró su orgullo y no quiso pleitear sobre la posibilidad de quedarse a recuperarse para llegar a tiempo de ayudar a su equipo. Captó el mensaje, hizo la maleta y cogió un vuelo rápido a Madrid. Al día siguiente ya inició su recuperación en Valdebebas. Y solo una semana después se marchó de vacaciones a Isla Reunión. La lesión estaba totalmente curada y, lo que es peor, el doctor Le Gal le reconoció a Karim que ese mensaje frío y calculado había sido una orden de Deschamps. Él era un simple ‘mandado’.Eso explica la frialdad y el desdén con el que Deschamps hablaba cada vez que los medios le preguntaban por la posibilidad de que Benzema ayudase en el tramo final del Mundial, dado que seguía inscrito en la lista oficial de la FIFA al no haber sido sustituido por ningún otro delantero. “Plantear la pregunta sobre Benzema es un poco torpe. Siguiente pregunta…”, replicaba el seleccionador con un tono altivo y desafiante. Karim, más elegante y educado, respondió en sus redes a medida que iba avanzando Francia en el torneo qatarí: “Es hora, todos juntos, vámonos. Allez Les Bleus”. Todo esto ayudó a Benzema a tomar la decisión que anunció esta misma semana: su retirada definitiva de las convocatorias con Francia. ”Hice el esfuerzo y los errores que hacía falta para estar donde estoy hoy en día. Estoy orgulloso de ello! Escribí mi historia y la nuestra termina”. Atrás quedan 97 partidos con Les Bleus y 37 goles. El vigente Balón de Oro no merecía un final así con su selección, pero Deschamps fue el que provocó todo…INTERNACIONALLos números de Benzema con FranciaQATAR 2022 | FRANCIASueños truncados: las luces y las sombras de Benzema con ‘Les Bleus’Etiquetado en:Real MadridSelección francesa fútbolDidier DeschampsKarim Benzema"
"1680116348-17","https://as.com/futbol/mundial/","La FIFA no detectó casos de amaños durante el Mundial","https://as.com/futbol/mundial/la-fifa-no-detecto-casos-de-amanos-durante-el-mundial-n/","MICHAEL BUHOLZERAFPLa FIFA informó este viernes de que no detectó, a través de su grupo de trabajo en materia de integridad, ningún amaño en los 64 partidos que formaron parte del Mundial de Qatar 2022 que finalizó el pasado domingo con la victoria de Argentina en la tanda de penaltis sobre Francia (3-3 y 4-2).Este grupo tuvo como misión supervisar, por primera vez en un Mundial, la manipulación de partidos, así como cuestiones relativas a la integridad.“Como parte de su cometido, el grupo de trabajo analizó informes de seguimiento de mercados de apuestas legales, llevó a cabo investigaciones en diversas jurisdicciones y revisó la vigilancia en las sedes de la competición en busca de conductas sospechosas. No se detectaron amenazas de manipulación de partidos en ninguno de los encuentros disputados durante la competición”, informó el organismo.""La composición del grupo de trabajo garantizaba que la respuesta ante cualquier alerta sobre una posible manipulación de partidos y cuestiones relativas a la integridad durante la Copa Mundial de la FIFA fuera competente, coordinada y oportuna"", completó.Una forma de trabajo para perseguir los amaños que la FIFA estrenó de forma satisfactoria y cuyo próximo gran reto será el Mundial de fútbol femenino que se disputará del 20 de julio al 20 de agosto de 2023 en Australia y Nueva Zelanda. AMAÑOS15 detenidos en una nueva fase de la operación contra amaños en partidos de fútbol modestoEntrevistaV JORNADA JUEGO RESPONSABLE“LaLiga ha sido la primera en denunciar todos los amaños”Etiquetado en:Amaños partidosMundial 2022FIFA"
"1680116350-18","https://as.com/futbol/mundial/","Erdogan dice que Cristiano Ronaldo fue víctima de veto político en el Mundial","https://as.com/futbol/mundial/erdogan-dice-que-cristiano-ronaldo-fue-victima-de-veto-politico-en-el-mundial-n/","El presidente turco, Recep Tayyip Erdogan, afirma que el astro portugués Cristiano Ronaldo fue víctima de un veto político durante el Mundial de Qatar 2022, que el mandatario relacionó indirectamente con su supuesto apoyo a la causa palestina.Hablando a un grupo de jóvenes durante un programa de televisión turca anoche, dijo que “desafortunadamente Ronaldo fue desperdiciado” en el Mundial, en el que Portugal perdió en cuartos de final contra Marruecos (0-1). “Por desgracia, le impusieron un veto político”, declaró el mandatario, que agregó que el jugador “es alguien que defiende la causa palestina”, informó la agencia de noticias oficial turca Anadolu.Eso sí, Erdogan no elaboró en qué basa su afirmación sobre el supuesto apoyo político de Cristiano Ronaldo a los palestinos. “Mandar a un futbolista como Ronaldo al campo cuando sólo quedaban 30 minutos para el final del partido arruinó su psicología y le quitó energía”, dijo Erdogan, quien antes de ser político fue jugador profesional de fútbol. “Según la información que he recibido, (Cristiano) Ronaldo se va ahora a Arabia Saudí”, agregó el mandatario, quien estuvo en Qatar en el partido inaugural y en la final.El presidente turco también dijo que Argentina se merecía ganar el título por su gran juego y por Lionel Messi, “a pesar de la edad (que tiene)”. ”Pero (Kylian) Mbappé es el futuro, tiene 23 años, Messi 34. Ahora está Mbappe; él es el futuro”, concluyó Erdogan en referencia al joven astro que marcó tres goles para Francia en la final contra Argentina.Etiquetado en:Cristiano RonaldoMundial 2022Selección Fútbol Portugal"
"1680116353-19","https://as.com/futbol/mundial/","Cavani: “Si me sancionan por pegar al VAR, al árbitro lo tienen que meter preso”","https://as.com/futbol/mundial/cavani-si-me-sancionan-por-pegar-al-var-al-arbitro-lo-tienen-que-meter-preso-n/","AMR ABDALLAH DALSHREUTERSLas competiciones de clubes han vuelto a la rutina tras el Mundial de Qatar, pero Cavani no se ha olvidado de cómo fue la eliminación de su selección. Uruguay cayó en fase de grupos a pesar de ganar 0-2 a Ghana en el último partido. Les faltó un gol para pasar a octavos. Un tanto que pudo haber llegado en dos posibles penaltis que el colegiado del encuentro, Daniel Siebert, no sañaló. El atacante del Valencia, tras el pitido final, tiró la pantalla del videoarbitraje de camino al vestuario y, preguntado por una posible sanción por esta acción, también se ha acordado del trencilla. “Si a mí me sancionan por pegar al VAR, al árbitro por sacarnos del Mundial, lo tienen que meter preso, porque son errores que con el VAR, todas las cámaras y todos los árbitros que están detrás, no les pueden hacer”, ha afirmado en El Larguero.Edinson CavaniValencia CFdelanteroUruguayNoticiasEstadísticasUruguayUruguayNoticiasEstadísticasEl charrúa no está contento con las decisiones arbitrales, pero tampoco con su gesto: “Son cosas que no se hacen, pero a veces en el fútbol hay ciertas cosas y ciertas impotencias que se escapan de uno por la adrenalina que manejamos, por esa euforia que tenemos en ese momento, y nos equivocamos”. Y es que Uruguay pidió dos penaltis que les podían haber acercado a ese gol que necesitaban para pasar de ronda. Uno por una falta a Darwin Núñez que el colegiado fue a revisar pero no señaló, y otro al final del partido al jugador del Valencia.La Comisión Disciplinaria de la FIFA ya está investigando las acciones de varios jugadores de Uruguay. El 5 de diciembre abrió expediente a Cavani, a José María Giménez (que golpeó con el brazo a un oficial del organismo tras el encuentro) y a Fernando Muslera y Diego Godín por protestas.Pero esta no ha sido la única queja del exjugador del Manchester United con los trencillas. El atacante también ha criticado las dudas que generan las decisiones de los colegiados: “¿Arbitraje? Hoy en día no sabes qué va a pasar. A veces te toca salir a la cancha preguntándote: ¿y qué pasará hoy?, ¿me pitarán un penalti a favor, uno en contra?, ¿tiraré una camiseta y me pitarán penalti?”.ARGENTINA“Messi ha evolucionado hasta ser el ‘padre’ de su selección”MUNDIAL 2030Millonada para el Mundial 2030Etiquetado en:Mundial 2022Mundial fútbolFútbolArbitraje deportivo"
"1680116356-20","https://as.com/futbol/mundial/","Millonada para el Mundial 2030","https://as.com/futbol/mundial/espana-programa-1430-millones-para-el-mundial-2030-n/","RFEFDiarioASLa maquinaria para que España organice, junto con Portugal y Ucrania el Mundial 2030, ya se ha puesto en marcha. El Consejo de Ministros, a petición del ministro de Cultura y Deporte, Miquel Iceta, ha aprobado recientemente el real decreto por el que se regula la concesión directa de una subvención de 7,5 millones de euros a la Real Federación Española de Fútbol para la preparación y desarrollo de la candidatura del Mundial 2030. Esta es una primera inversión está destinada, según informó el Consejo Superior de Deportes (CSD), a “potenciar la candidatura española a través de diversas actividades”. Entre ellas, la celebración de encuentros y eventos en distintas partes del territorio nacional y extranjero; el establecimiento de una oficina técnica para la coordinación de eventos; la difusión de las iniciativas a través de los medios de comunicación social; el desarrollo de las infraestructuras necesarias destinadas a centros de entrenamiento y tecnificación de las selecciones nacionales y autonómicas; y el soporte tecnológico.Esos 7,5 primeros millones aprobados por el Consejo de Ministros representan solo la punta del iceberg de la cantidad presupuestada por el gobierno para la organización del mayor evento futbolístico del planeta. El Gobierno cifra la inversión necesaria para organizar el Mundial de 2030 en 1.430 millones de euros. El importe total de la inversión se dividiría en 750 millones de euros para inversiones en infraestructuras y otros 680 millones destinados a gastos de organización. Esta inversión estimada por el ejecutivo español es muy inferior al gasto que ha supuesto para Qatar organizar el pasado Mundial. Dicho emirato ha invertido 200.000 millones de dólares en lo que ha sido el Mundial más caro de la historia, mientras que Brasil gastó 15.000 millones en la edición de 2014.En cuanto a lo que repercutirá el Mundial para España, las autoridades estiman que el torneo genere un volumen de negocio de unos 5.120 millones de euros y unos 82.513 empleos, además de un importante impacto positivo para la marca España.En estos momentos, la candidatura ibérica, formada por España, Portugal y Ucrania, es la gran favorita para organizar el Mundial 2030. De hecho, solo tiene un contrincante hasta la fecha. Se trata de la alternativa americana, que conforman Chile, Argentina, Paraguay y Uruguay, pero que ni siquiera tiene comité organizador ni infraestructuras para desarrollar su plan. Esta opción está liderada por la Conmebol que quiere atraer a Sudamérica el Mundial aprovechando los 100 años de su primera edición en suelo uruguayo. Sin embargo, el hecho de que el Mundial 2026 se vaya a celebrar en el continente americano (Canadá, Estados Unidos y México) le resta casi todas las opciones de ser elegida.A medida que pasan los días, coge fuerza la opción de que Arabia Saudí pueda liderar una candidatura. De hecho, la llegada de Cristiano al club Al Nassr se considera una maniobra dirigida a convertirle en la imagen de dicha alternativa, al estilo de lo que hicieron Qatar y el PSG con Messi y Neymar. Dentro de esta candidatura podrían incluirse Grecia y Egipto. No obstante, la Federación Española de Fútbol aprovechará la disputa de la Supercopa en Ryad para mantener reuniones con las autoridades de Arabia Saudí y conocer de primera mano sus intenciones.También hay rumores de que Marruecos y China podrían presentar sus respectivos proyectos para el Mundial 2030, aunque en las últimas semanas parece que el gigante asiático aplazará su candidatura para el Mundial 2034. En cuanto al país norteafricano, ha tratado de formar parte de la alternativa liderada por España y Portugal, aunque sin éxito, y trabaja para poder presentar una alternativa independiente, aprovechando el gran papel realizado por su selección en el pasado Mundial de Qatar. Sea como fuere, la Federación Internacional de Fútbol Asociación (FIFA) aprobará a lo largo del primer trimestre de 2023 las normas que regirán el desarrollo del Mundial 2030. A partir de ese momento, podrían hacerse oficial algunas de estas supuestas candidaturas que competirían con la que lidera España. Y será durante el primer semestre de 2024 cuando se anuncie qué opción se lleva el gato al agua para organizar el Mundial 2030.La candidatura formada por España, Portugal y Ucrania cuenta con el respaldo de la UEFA y, a priori, con todos los votos de las federaciones europeas, a la espera de si Grecia entra en una supuesta candidatura con Arabia Saudí.Las posibles sedesEl Santiago Bernabéu y el Camp Nou lideran las 15 sedes españolas que han presentado su candidatura para albergar encuentros del Mundial 2030. De hecho, el coliseo madridista, que en ese momento sería uno de los estadios más modernos del mundo, acogería la gran final. Juntos a ellos, San Mamés, Metropolitano y La Cartuja tendrían asegurada casi al 100% su participación en el Mundial, mientras que La Rosaleda, el Reale Arena. el RCDE Stadium, el Nuevo Mestalla, El Molinón, La Romareda, el estadio de Gran Canaria, Balaídos, Riazor y la Nueva Condomina optan a las otras seis plazas que quedarían vacantes. Portugal, por su parte, tendría tres sedes, que serían los estadios Da Luz, José Alvalade y Do Dragao. En cuanto a Ucrania, todo depende de cómo evolucione la guerra con Rusia, aunque, en principio, sólo acogería la disputa de dos encuentros de la primera fase.INGLATERRALuis Díaz, presente en Anfield para Liverpool - LeicesterFÚTBOL INTERNACIONALCristiano firma por un salario récord con Al-NassrEtiquetado en:FútbolMundial fútbolMundial 2030EspañaRFEFPortugalUcrania"
"1680116360-21","https://as.com/futbol/mundial/","Cristiano, 200M€ por ser ‘rival’ de la candidatura ibérica para el Mundial 2030","https://as.com/futbol/internacional/cristiano-200-m-por-ser-rival-de-la-candidatura-iberica-para-el-mundial-2030-n/","El histórico contrato de Cristiano Ronaldo con el Al Nassr no solo se compone de tres cifras, también de tres roles. Tal y como pudo confirmar AS, los entresijos de los siete años de la relación contractual que unirá al portugués con el club saudí contemplan un vínculo sobre el terreno de juego hasta el próximo 2025, para pasar a ejercer una labor de asesor o consejero una vez cumpla los 40 años.Pero, además, tal y como ha podido conocer la agencia de noticias, ‘AFP’, de fuentes internas del equipo dirigido por Rudi García, ostentará un rol de embajador de la candidatura tripartita que prepara Arabia Saudí con Egipto y Grecia para albergar el Mundial de 2030, que será la edición número 24. El más inmediato, tras la reciente conclusión de Qatar 2022, lo acogerán Canadá, Estados Unidos y México a mediados de 2026. Será la primera vez que más de dos países sean sede de una cita mundialista.Cristiano RonaldoAl NassrdelanteroPortugalNoticiasEstadísticasCristiano, al adoptar dichas funciones, aún por concretar, recibirá una contraprestación económica cercana a los 200 millones de euros, que se encuadran dentro de los “500 millones netos en concepto de salario durante los próximos siete años” que ya adelantó este diario cuando el exjugador del Manchester United formalizó su contrato el pasado 3 de enero, previa a una presentación multitudinaria.De esta manera, el portugués será ‘contrincante’ en funciones de la candidatura ibérica formada por la propia Portugal, España y Ucrania y que rivaliza con la que forma parte Arabia Saudí. Junto a ellas, también competirá como sede para acoger la cita mundialista otra unión nacional. Aunque esta, de hasta cuatro países: Argentina, Uruguay, Paraguay y Chile, para celebrar el centenario de la CONMEBOL.INTERNACIONALMohamed Bin Salman, el príncipe detrás del fichaje de CR7 en ArabiaINTERNACIONAL¡Cristiano y Mendes rompen!Etiquetado en:Al Nassr FCCristiano RonaldoMundial 2030Arabia SaudíEspaña"
"1680116363-22","https://as.com/futbol/mundial/","Infantino impuso salir en todas las retransmisiones del Mundial","https://as.com/futbol/mundial/infantino-impuso-salir-en-todas-las-retransmisiones-del-mundial-n/","JESUS ALVAREZ ORIHUELADiarioASInfantino estuvo muy presente en el último Mundial. Gracias ala cercanía que había entre los estadios de Qatar y el tiempo entre un partido y otro, el presidente de la Fifa Gianni Infantino, puedo acudir presencialmente a disfrutar a cada uno de los encuentros que se jugaron en el pasado Mundial que terminó ganando Argentino. Al presidente se le vio durante todas las retransmisiones de los encuentros, pero esto no fue casual.Según desvela el diario británico The Times, Infantino dio órdenes exactas a la empresa encargada de realizar la retransmisión de los encuentros, de sacarlo, al menos, una vez durante cada uno de los encuentros. Estos encargados recibieron un email con las instrucciones exactas, ya que no podían sacarlo de todas las maneras. El presidente nunca podría salir mientras estuviera revisando su móvil y siempre tenía que estar mirando al terreno de juego. Si estaba al lado de un jeque, no podían salir de rodillas para abajo.Muchas de las imágenes que salían suyas por televisión no salían en las pantallas del estadio, ya que en alguna ocasión Infantino fue abucheado y decidió que eso no volviera a ocurrir cortando sus imágenes en los estadios. Las pautas sobre el uso de la imagen de Infantino provienen de HBS, un servicio de transmisión con sede en Suiza que utiliza la FIFA para los partidos de la Copa del Mundo, sin que las televisiones de cada país pudieran decidir que imagen televisaban en cada momento, por lo que Infantino salió en cada uno de los partidos del Mundial de Qatar.ITALIAInfantino condena los insultos racistas a Umtiti y Banda en el Lecce-LazioQATAR 2022El vídeo que explica el bochorno de Salt Bae en la final: deja en mal lugar a InfantinoEtiquetado en:Mundial 2022FútbolGianni InfantinoTelevisión"
"1680116366-23","https://as.com/futbol/mundial/","¡Varane deja Francia con 29 años!","https://as.com/futbol/internacional/varane-deja-la-seleccion-francesa-n/","FRANCK FIFEAFPRaphaël Varane se retira internacionalmente. El defensa, de 29 años, ha decidido no volver a vestir la camiseta de la selección francesa. La final del Mundial contra Argentina, el pasado 18 de diciembre, fue su último partido con Les Bleus.Raphaël VaraneManchester UniteddefensaFranciaNoticiasEstadísticasLa principal razón por la que el exjugador del Real Madrid ha decidido poner punto y final a su carrera internacional son sus continuos problemas físicos, además de la fatiga psicológica que supone cada partido con la selección. El central, además, quiere pasar más tiempo con su familia y centrarse en el Manchester United.Otra despedida en los bluesTras Benzema, Lloris y Mandanda, Varane es el cuarto jugador que deja la selección francesa tras el Mundial de Qatar. Tras más de diez años con la tricolor, 93 internacionalidades y dos títulos, el Mundial de 2018 y la Nations League de 2021, el defensa aspiraba a portar el brazalete de capitán después del retiro de Lloris.El Mundial de Qatar, en el que Francia llegó a la final, desgastó física y mentalmente a Varane. El jugador, que no ha cumplido todavía los 30 años, lideró un cambio de ciclo en la selección francesa que culminó con la Copa del Mundo en Rusia hace cinco años. Según Le Parisien, pronto dará una rueda de prensa para explicar los motivos de su fin con la selección francesa.“Raphaël me llamó hace unos días para explicarme que quería poner fin a su carrera internacional. Es un chico inteligente, que sabe tomarse el tiempo para reflexionar, sopesar los pros y los contras antes de decidir. Sin entrar en los detalles de nuestro intercambio, Raphaël cree que ha llegado al final de su aventura con la selección de Francia. Viví una situación un tanto parecida a la suya, entiendo sus argumentos y respeto su decisión aunque parezca mala en vista de todo lo que pudo hacer con la selección hasta el Mundial en el que se comportó, de principio a fin, como el líder que conocemos”, dijo Deschamps al respecto.Après 🔟 années et 9⃣3⃣ sélections en Bleu, @raphaelvarane a décidé de prendre sa 𝗿𝗲𝘁𝗿𝗮𝗶𝘁𝗲 𝗶𝗻𝘁𝗲𝗿𝗻𝗮𝘁𝗶𝗼𝗻𝗮𝗹𝗲 🇫🇷

𝘔𝘦𝘳𝘤𝘪 𝘱𝘰𝘶𝘳 𝘵𝘰𝘶𝘵 𝘙𝘢𝘱𝘩𝘢𝘦̈𝘭 💙#FiersdetreBleus pic.twitter.com/lh0iKcY4Q9— Equipe de France ⭐⭐ (@equipedefrance) February 2, 2023

La carta de Varane“Representar a nuestro gran país durante una década ha sido uno de los mayores honores de mi vida. Cada vez que vestía este maillot azul tan especial, sentía un orgullo inmenso. El deber de darlo todo, jugar con el corazón y ganar cada vez que entramos al campo. Lo he estado considerando durante varios meses y he decidido que es el momento adecuado para retirarme del fútbol internacional. De niño, recuerdo seguir a Francia 98, a esta selección, a estos jugadores que nos hacían vivir emociones indescriptibles. Soñaba con hacer como nuestros héroes y, 20 años después, viví una de las mejores experiencias de mi vida, una que me enorgulleció mucho. Llevamos la Copa a casa!! Nunca lo olvidaré. Todavía siento cada una de las emociones que sentí ese día, 15 de julio de 2018. Fue uno de los momentos más grandes y memorables de mi vida. Esta victoria que logramos juntos nunca hubiera sido posible sin el apoyo de Didier Deschamps, de cada uno de los miembros de la dirección y de nuestro staff durante estos años, de mis compañeros que defendieron nuestra camiseta en cada uno de nuestros partidos. Pero más importante aún, esta victoria no hubiera sido posible sin el apoyo de cada uno de ustedes a lo largo de este camino. Vuestro entusiasmo, las celebraciones y los recuerdos de nuestro regreso a Francia quedarán grabados en mi mente para siempre. Incluso después de la derrota en la final del año pasado, ciertamente con una gran racha, nos recibieron como héroes cuando regresamos. A todos y cada uno de vosotros, mil veces ¡GRACIAS! Seguro que extrañaré estos momentos contigo, pero ha llegado el momento de que la nueva generación tome el relevo. Tenemos un grupo de jugadores jóvenes talentosos que están listos para hacerse cargo, que merecen una oportunidad y que te necesitan. Desde el fondo de mi corazón, gracias. Rafael”.
Etiquetado en:Selección francesa fútbolVaraneMundial 2022Manchester United"
"1680116369-24","https://as.com/futbol/mundial/","Grecia confirma contactos con Arabia Saudí y Egipto para el Mundial 2030","https://as.com/futbol/mundial/grecia-confirma-contactos-con-arabia-saudi-y-egipto-para-mundial-2030-n/","@l_avgenakisEl Gobierno de Grecia confirmó este miércoles que está en contacto con las autoridades de Arabia Saudí y Egipto para estudiar una candidatura conjunta para organizar el Mundial de fútbol de 2030. El viceministro de Cultura y Deportes, Lefteris Avgenakis, dijo en su cuenta de Twitter que los tres países “aún están en las primeras etapas de exploración de las posibilidades para una candidatura”.La confirmación de Avgenakis llega después de que el portal de noticias Politico publicara un reportaje en el que señala que Arabia Saudí se habría ofrecido a financiar la construcción de nuevos estadios en Grecia y Egipto a cambio de que los dos países acepten presentar una candidatura conjunta ante la FIFA. Según Avgenakis, el reportaje de Politico está lleno de “inexactitudes”.El portal asegura además que la oferta saudí se discutió en una conversación privada entre el príncipe heredero, Mohammad bin Salmán, y el primer ministro griego, el conservador Kyriakos Mitsotakis, durante una visita de éste a Riad el verano de 2022.A cambio de pagar los nuevos estadios en Grecia y Egipto, la Monarquía del Golfo, según la misma fuente, pide que tres de cada cuatro partidos del Mundial se jueguen en su territorio.Una candidatura conjunta de estos tres países podría tener buenas posibilidades de ganar, ya que sería la primera vez que un Mundial se jugaría en tres continentes, lo que podría llevar a varios países de África y Asia a este proyecto.El Congreso de la FIFA, compuesto por más de 200 asociaciones nacionales, es el órgano que decidirá el año que viene en una votación la sede de la Copa del Mundo 2030.Las principales rivales de la posible candidatura de Arabia Saudí, Grecia y Egipto son las de España, Portugal y Ucrania, y otra conjunta de Argentina, Uruguay, Paraguay y Chile.MUNDIAL 2030Sudamérica lanza su candidatura al Mundial 2030MUNDIAL 2030Rubiales persigue “perfeccionar” la candidatura al Mundial 2030Etiquetado en:Mundial 2030Mundial fútbolGreciaArabia SaudíEgipto"
"1680116372-25","https://as.com/futbol/mundial/","España estudia la anexión de Marruecos a la Candidatura Ibérica","https://as.com/futbol/mundial/espana-negocia-la-anexion-de-marruecos-a-la-candidatura-iberica-n/","AFP7GettyLa Candidatura Ibérica para organizar el Mundial 2030 puede tener un nuevo invitado. La Real Federación Española de Fútbol (RFEF) y la Federación de Fútbol de Portugal trabajan la opción de incluir a Marruecos en la misma. Su incorporación será estudiada de forma exhaustiva en los próximos días y semanas, pero su adhesión definitiva parece ligada a la salida de Ucrania de la candidatura conjunta de España y Portugal para albergar la cita mundialista.La participación de Ucrania como sede, anunciada el pasado mes de octubre, está ahora mismo en el aire debido al caso de supuesta corrupción que pesa sobre la propia Federación de Fútbol de Ucrania (UFA, en sus siglas en ingles). Andriy Pavelko, presidente de la UFA, está siendo investigado por fraude y lavado de dinero y ha sido suspendido por un período limitado hasta que se esclarezca el asunto. El pasado 29 de noviembre, fue detenido acusado de malversar fondos destinados a la construcción de una fábrica de canchas de fútbol artificiales. Pavelko, que niega haber cometido delito, se enfrenta a una pena de hasta 12 años de prisión.Por este motivo, la RFEF no quiere verse salpicada por el escándalo y ha decidido dejar al margen a Ucrania hasta que se arregle la situación y quede todo claro. La presencia ucraniana en la Candidatura Ibérica era un golpe de efecto que podría volverse en su contra, de ahí la celeridad para contemplar otro escenario en estas próximas fechas. La FIFA anunciará en junio el pliego de condiciones para quien quiera ser candidato a ser sede del Mundial 2030 y en 2024 se oficializará la elección final.Desde la Federación española, aunque no veían la ampliación de la Candidatura Ibérica con Marruecos de una manera prioritaria, se trabaja ahora con el país norafricano para negociar su inclusión. Su presencia había quedado descartada en un principio porque la FIFA y UEFA vetaban las candidaturas conjuntas de países de distintas confederaciones. Pero la salvedad aceptada con la propuesta de Grecia, Turquía y Arabia Saudí ha cambiado el paso y permite a la RFEF y a la Federación portuguesa abrir la puerta a Marruecos. Se supone que la candidatura de Grecia, Turquía y Arabia Saudí no es viable en este momento según los preceptos de la FIFA, que había establecido que debían pasar al menos dos Mundiales para repetir continente, algo que no se cumpliría en el caso de Arabia Saudí tras la disputa del Mundial de Qatar el pasado año. Pero la aparición de Grecia y Turquía parece una triquiñuela dirigida a hacer cambiar de parecer a la FIFA. Bajo este panorama, la RFEF habla con Marruecos para potenciar todavía más la solidez de la proposición de la Candidatura Ibérica.PRIMERA RFEFEl plan para salvar la 1ªRFEFPRIMERA RFEFLos clubes esperan que la Federación pase a la acciónEtiquetado en:FútbolMundial fútbolMundial 2030MarruecosRFEFPortugal"
"1680116374-26","https://as.com/futbol/mundial/","El ‘Dibu’ Martínez: “Tchouameni se cagó”","https://argentina.as.com/futbol/el-dibu-martinez-tchouameni-se-cago-n/","Más de 100.000 personas aclamaron este jueves en la localidad costera de Mar del Plata, a unos 400 kilómetros de Buenos Aires, a Emiliano ‘Dibu’ Martínez, portero de la selección argentina que se proclamó campeona del Mundial de Qatar.El guardameta del Aston Villa, natural de uno de los lugares más turísticos de la costa argentina, recibió un homenaje ante una multitud de personas, como las que se agolparon para presenciar cada encuentro de la Albiceleste en la cita catarí.Una pantalla gigante sobre un escenario donde fue homenajeado mostró imágenes de las distintas actuaciones del ‘Dibu’ a lo largo del Mundial, con especial foco en las dos tandas de penales que Argentina superó en cuartos de final y en la final contra Francia, que dieron la tercera estrella de la historia a la Albiceleste.Ante esa celebración, desde la tarima, el portero indicó que en las tandas de penaltis se hace “fuerte” y sabe que los rivales le “respetan. Cuando atajo el primer penal (ante Francia), sé que el otro chico iba a estar nervioso, la tiró fuera. Se cagó todo”, dijo ante los aplausos de los marplatenses.Martínez, que acudió con el premio de Mejor Portero del torneo y la medalla de campeón, dijo que el capitán, Lionel Messi, “es el mejor jugador del planeta” y su sueño, como el del resto del equipo, era “darle un título a Leo en la selección”.Después de las victorias en la Copa América (2021) y en la Finalissima (2022), “mi sueño final como arquero era darle al mejor del mundo el título mundial para que no haya duda que sea el mejor jugador de toda la historia”, confesó.Martínez se acordó de sus orígenes en cancha de tierra en el barrio Jardín, de Mar del Plata (provincia de Buenos Aires), y expresó su “orgullo” por haber llegado a convertirse en campeón del mundo con Argentina.“Cada partido que jugábamos decíamos que jugábamos por la gente. No vamos por plata a la selección, sino por los colores. Ver a Mar del Plata o los chicos de cada ciudad con tanta gente era un orgullo. Cuando las piernas no daban, el corazón siempre daba un paso adelante”, comentó.Argentina se proclamó campeona del mundo este domingo tras ganar en la tanda de penaltis 4-2 a Francia, después del empate 3-3 en los 120 minutos de juego.La Albiceleste obtuvo su tercer título mundial, después de los conseguidos en Argentina 1978 y México 1986. A estos tres logros, se suman las tres finales perdidas de Uruguay 1930, Italia 1990 y Brasil 2014.Etiquetado en:Emiliano MartínezFútbolSelección argentina fútbolMundial 2022Aurélien Tchouameni"
